Tam. Matriz, Media Tempo
10,0.005000
20,0.013400
30,0.019700
40,0.026300
50,0.039700
