Tam. Matriz, Media Tempo
5,0.002500
15,0.008300
25,0.012800
35,0.031000
45,0.032000
